{"rotation": [[0.9998570901159907, -0.009576773429268817, -0.013937032967064509], [0.009585150301467825, 0.9999540720759138, 0.000534406857182532], [0.013931222506467186, -0.000667917792270954, 0.9999029400365318]], "translation": [[-5.6465017752668185], [12.151203361870731], [-0.4504083256230432]]}